"","as.factor(IndividualData$`Movement Ty...","tBody_Mean","tBody_STD","tGravity_Mean","tGravity_STD","tBodyAccJerk_Mean","tBodyAccJerk_STD","tBodyGyro_Mean","tBodyGyro_STD","tBodyAccMag_Mean","tBodyAccMag_STD","Subject"
"1","LAYING",0.265696920582133,-0.545795331328326,-0.502645746562824,-0.959859435936599,0.0770930495126801,-0.524721922818732,-0.0208764064320173,-0.686555715201729,NA,NA,1
"2","SITTING",0.265696920582133,-0.545795331328326,-0.502645746562824,-0.959859435936599,0.0770930495126801,-0.524721922818732,-0.0208764064320173,-0.686555715201729,NA,NA,1
"3","STANDING",0.265696920582133,-0.545795331328326,-0.502645746562824,-0.959859435936599,0.0770930495126801,-0.524721922818732,-0.0208764064320173,-0.686555715201729,NA,NA,1
"4","WALKING",0.265696920582133,-0.545795331328326,-0.502645746562824,-0.959859435936599,0.0770930495126801,-0.524721922818732,-0.0208764064320173,-0.686555715201729,NA,NA,1
"5","WALKING_DOWNSTAIRS",0.265696920582133,-0.545795331328326,-0.502645746562824,-0.959859435936599,0.0770930495126801,-0.524721922818732,-0.0208764064320173,-0.686555715201729,NA,NA,1
"6","WALKING_UPSTAIRS",0.265696920582133,-0.545795331328326,-0.502645746562824,-0.959859435936599,0.0770930495126801,-0.524721922818732,-0.0208764064320173,-0.686555715201729,NA,NA,1
